First Name,Last Name,Email,Phone,Assistant,Groups,Location,Organization
Edgar,Collier,Edgar.Collier@pipedrive.com,(415) 366-3362,Stacy Conely  ,Leads from VILCON,85 S. Whitemarsh Ave. ,Computer Medic
Colten,Gentry,Colten.Gentry@pipedrive.com,(306) 864-2575,Tony Cano  ,Mike’s contacts,"Germantown, MD 20874",Dahlal International
Averi,Mcclain,Averi.Mcclain@pipedrive.com,(183) 460-9664,Kourtney Zuchowski  ,Really valuable contacts,60 Wellington Lane ,Authorized Photo
Yadiel,Blackburn,Yadiel.Blackburn@pipedrive.com,(690) 929-0410,Chanell Bivins  ,Really valuable contacts,"Caldwell, NJ 07006",Carpet One
Mila,Benson,Mila.Benson@pipedrive.com,(721) 933-0127,Ulysses Muth  ,EU clients,28 Cleveland Ave. ,Rite Aid Pharmacy
Brenton,Moran,Brenton.Moran@pipedrive.com,(678) 333-7918,,Leads from Conference,"Champaign, IL 61821",City Of Greenville
Jadiel,Mckinney,Jadiel.Mckinney@pipedrive.com,(415) 812-9559,Gala Stockton  ,Leads from Conference,63 Summit St. ,Highland Ford
Makayla,Carter,Makayla.Carter@pipedrive.com,(512) 317-2387,Le Partlow  ,EU clients,"South El Monte, CA 91733",Aonics Electronics
Abagail,Sanford,Abagail.Sanford@pipedrive.com,(203) 360-2484,Kiana Brack  ,Really valuable contacts,8185 Piper St. ,Overhead Door
Rigoberto,Mccormick,Rigoberto.Mccormick@pipedrive.com,(367) 800-2953,Latricia Fergus  ,Leads from Conference,"Waterford, MI 48329",Gardener's World
Ruth,Hale,Ruth.Hale@pipedrive.com,(530) 299-3883,,EU clients,111 Wakehurst Road ,Dairy Trade
Kathleen,Jones,Kathleen.Jones@pipedrive.com,(735) 576-6597,Franklyn Hopp  ,Really valuable contacts,"Chevy Chase, MD 20815",Hands Of Time Art Gallery
Monica,Gaines,Monica.Gaines@pipedrive.com,(721) 804-5738,,Mike’s contacts,334 Poplar Ave. ,Nutritional Biomedicine
Carlos,Dougherty,Carlos.Dougherty@pipedrive.com,(548) 217-6640,Clementina Larimore  ,EU clients,"Sheboygan, WI 53081",Marineone Corporation
Ashlynn,Knapp,Ashlynn.Knapp@pipedrive.com,(902) 992-6098,Hui Mandez  ,Really valuable contacts,673 Market Rd. ,Ergonomic Electronics
Jaelynn,Ortiz,Jaelynn.Ortiz@pipedrive.com,(641) 198-1341,Verla Belgarde  ,Leads from Conference,Unit 896 ,Chevrolet-Buick
Everett,Finley,Everett.Finley@pipedrive.com,(815) 752-3266,Aletha Chesley  ,EU clients,"Miami Beach, FL 33139",Ciralight
Jamie,Nielsen,Jamie.Nielsen@pipedrive.com,(299) 441-4595,,Really valuable contacts,81 Harrison Street ,ORBIS America
Regina,Newton,Regina.Newton@pipedrive.com,(686) 546-7819,Hank Westrich  ,Mike’s contacts,"Lincoln Park, MI 48146",Integrated Documents
Hayden,Graves,Hayden.Graves@pipedrive.com,(716) 148-9455,Lucas Donovan  ,EU clients,11 Sunbeam Court ,Willamette Nursery
Juan,Beltran,Juan.Beltran@pipedrive.com,(875) 913-5583,Karole Clutts  ,Really valuable contacts,"Mason City, IA 50401",Major Cadillacinc
Shaun,Cortez,Shaun.Cortez@pipedrive.com,(606) 778-3301,Eli Paxson  ,Leads from Conference,8364 Iroquois St. ,Kinney
Alayna,Rice,Alayna.Rice@pipedrive.com,(861) 182-4736,Petra Cherry  ,EU clients,"Millington, TN 38053",Laughing Sun Hand Carved Doors
Johnathon,George,Johnathon.George@pipedrive.com,(535) 637-0291,,Mike’s contacts,486 Clinton Street ,Hanna's Color Ctr
Alice,Rivers,Alice.Rivers@pipedrive.com,(816) 370-0327,Allegra Gascon  ,Really valuable contacts,"Pembroke Pines, FL 33028",Turbo Marine
Aurora,Krueger,Aurora.Krueger@pipedrive.com,(440) 955-8124,Deandre Rain  ,Mike’s contacts,748 Ridge Street ,Tomato Store
Eileen,Hinton,Eileen.Hinton@pipedrive.com,(899) 128-0714,Nicholas Neihoff  ,Really valuable contacts,"Piscataway, NJ 08854",People Soft Inc
Justice,Fernandez,Justice.Fernandez@pipedrive.com,(621) 411-9350,Basilia Failla  ,Leads from Conference,9001 Hillside Ave. ,Tom Keller Associates
Amani,Vaughan,Amani.Vaughan@pipedrive.com,(919) 367-3436,Martha Millard  ,EU clients,"Aiken, SC 29803",Joseph's Jewelers
Gabrielle,Green,Gabrielle.Green@pipedrive.com,(387) 843-6772,Aleen Thurman  ,EU clients,9365 Prince Street ,Kersting's Cycle Ctr Inc
Matteo,Campbell,Matteo.Campbell@pipedrive.com,(542) 859-5092,Tamar Dumlao  ,Mike’s contacts,"Perkasie, PA 18944",Hearing Industries Association
Rylee,Levy,Rylee.Levy@pipedrive.com,(921) 775-9062,Ciera Malik  ,EU clients,649 La Sierra Road ,Kathleen L. Teter
Asa,Dominguez,Asa.Dominguez@pipedrive.com,(290) 768-1800,Tamela Westbury  ,Really valuable contacts,"Champlin, MN 55316",Cabinet Connection
Eduardo,Woodward,Eduardo.Woodward@pipedrive.com,(383) 995-2715,Tijuana Ress  ,Mike’s contacts,28 Wagon Street ,Ray Perron & Co
Claudia,Wilkerson,Claudia.Wilkerson@pipedrive.com,(840) 386-3911,Mittie Stillings  ,Leads from Conference,"Quincy, MA 02169",RC Electronic
Jocelynn,Arellano,Jocelynn.Arellano@pipedrive.com,(779) 678-7900,Tori Hoge  ,EU clients,6 Heather Avenue ,Mc Gregors Fountains
Gauge,Holmes,Gauge.Holmes@pipedrive.com,(378) 881-1927,Coleman Stellhorn  ,EU clients,"Peoria, IL 61604",Atie Mart
Steven,Potter,Steven.Potter@pipedrive.com,(524) 860-9224,Emilee Bozell  ,Really valuable contacts,624 Littleton Ave. ,Compex Integrated Systems
Lucia,Boyd,Lucia.Boyd@pipedrive.com,(132) 226-4387,Cassandra Cassel  ,EU clients,"Laurel, MD 20707",Marvin's Shop
Brisa,Horne,Brisa.Horne@pipedrive.com,(277) 667-5815,Luanna Wine  ,EU clients,592 E. Brook Street ,Murphy Motor CO
Peyton,Pollard,Peyton.Pollard@pipedrive.com,(915) 448-2742,Maryam Lu  ,Leads from Conference,"East Brunswick, NJ 08816",Ice Designs
Tania,Forbes,Tania.Forbes@pipedrive.com,(567) 693-1223,Elijah Klimas  ,EU clients,9592 Wakehurst St. ,Goldstone Tech Inc
Jordan,Cole,Jordan.Cole@pipedrive.com,(635) 373-4483,Charlie Halladay  ,EU clients,"Galloway, OH 43119",Kismet Salon And Day Spa
Saniya,Hopkins,Saniya.Hopkins@pipedrive.com,(709) 115-7035,,Really valuable contacts,1 Washington Ave. ,Time Systems Intl CO
Jaylee,Patel,Jaylee.Patel@pipedrive.com,(245) 802-2126,Corrina Ledger  ,EU clients,"Lebanon, PA 17042",Ultimate Auto Group Inc
Gaven,Mcfarland,Gaven.Mcfarland@pipedrive.com,(965) 465-3411,Cinda Garrels  ,EU clients,7879 Redwood St. ,Techpro Inc
Anabel,Huffman,Anabel.Huffman@pipedrive.com,(697) 429-7993,Hung Urbina  ,Really valuable contacts,"Palos Verdes Peninsula, CA 90274",Ast Sports Science Inc
Selena,Rowe,Selena.Rowe@pipedrive.com,(130) 865-3684,Theo Febus  ,EU clients,93C Ashley Drive ,Verona Wine Cellar
Lana,Morales,Lana.Morales@pipedrive.com,(664) 392-1213,Emmitt Llanas  ,Leads from Conference,"Peoria, IL 61604",Cider Hill Gardens & Gallery
Garrett,Moon,Garrett.Moon@pipedrive.com,(159) 553-5893,Jefferson Armenta  ,EU clients,122 Bay Ave. ,Landmark International Trucks
Krista,Solis,Krista.Solis@pipedrive.com,(726) 639-4495,Vera Maron  ,EU clients,"Levittown, NY 11756",Inventive Computer Solutions
Paxton,Trujillo,Paxton.Trujillo@pipedrive.com,(885) 900-1255,Lindy Wen  ,Really valuable contacts,239 Manchester St. ,R G Machine Inc
Aditya,Johnson,Aditya.Johnson@pipedrive.com,(240) 704-8272,Vannessa Judd  ,EU clients,"Hempstead, NY 11550",Winsert Inc
Nehemiah,Riggs,Nehemiah.Riggs@pipedrive.com,(423) 616-7361,,Mike’s contacts,89 E. Harvey Lane ,Casio America Inc
Rihanna,Mosley,Rihanna.Mosley@pipedrive.com,(419) 775-1907,Lisa Mechling  ,EU clients,"Knoxville, TN 37918",Segami Corp
Aubree,Hammond,Aubree.Hammond@pipedrive.com,(558) 967-9724,Elisha Bazan  ,EU clients,303 South Wayne Drive ,Free Latte
Ali,Ryan,Ali.Ryan@pipedrive.com,(580) 914-7202,Bradley Groves  ,EU clients,"Dekalb, IL 60115",Todd Muderlak
Karson,Kirk,Karson.Kirk@pipedrive.com,(269) 488-8533,Deb Rehberg  ,Leads from Conference,342 Arch Dr. ,Kingsbury Corporation
Vanessa,Day,Vanessa.Day@pipedrive.com,(970) 971-7864,Bennett Caston  ,EU clients,"Vernon Rockville, CT 06066",Park -N- Sell
Aaron,Harper,Aaron.Harper@pipedrive.com,(889) 241-7463,Golda Mutch  ,Really valuable contacts,7712 Ridgeview Lane ,Jatt Communications Inc
Ella,Kline,Ella.Kline@pipedrive.com,(807) 370-0379,Lorraine Reidy  ,EU clients,"Newington, CT 06111",Pyro Service CO
Henry,Monroe,Henry.Monroe@pipedrive.com,(103) 278-8439,Ambrose Goodpasture  ,EU clients,77 Lafayette St. ,Lake Lbj Municipal Utility District
Dayami,Jackson,Dayami.Jackson@pipedrive.com,(164) 375-6271,Hollis Alderman  ,Mike’s contacts,"Mcdonough, GA 30252",Jewelers Mutual Insurance Company
Haley,Bowers,Haley.Bowers@pipedrive.com,(119) 946-0147,Paris Erikson  ,EU clients,8187 Essex St. ,Willard Brothers
Desirae,Wilkins,Desirae.Wilkins@pipedrive.com,(199) 131-6154,,EU clients,"Oak Ridge, TN 37830",Arthur Field
Nasir,Bass,Nasir.Bass@pipedrive.com,(826) 603-2905,Merry Surratt  ,Leads from Conference,402 W. Ann Lane ,Respironics Inc
Hillary,Rogers,Hillary.Rogers@pipedrive.com,(798) 912-4348,Antonio Melgarejo  ,EU clients,"Nazareth, PA 18064",Adam Jenkins
Zayden,Estes,Zayden.Estes@pipedrive.com,(410) 940-9656,Maxine Gains  ,Really valuable contacts,837 North Fulton Avenue ,Jen Adams
Monserrat,Fry,Monserrat.Fry@pipedrive.com,(767) 902-3138,Lyda Sutterfield  ,EU clients,"West Roxbury, MA 02132",Lake Co
Armando,Pennington,Armando.Pennington@pipedrive.com,(328) 691-1392,Micah Ellzey  ,EU clients,250 Morris St. ,M C L Laboratory Inc
Damian,Curtis,Damian.Curtis@pipedrive.com,(263) 104-9519,Lashell Hymel  ,Mike’s contacts,"Garland, TX 75043",McFerrin Engineering & Manufacturing Company
Barbara,Flynn,Barbara.Flynn@pipedrive.com,(597) 121-3349,Tatyana Kinsey  ,Leads from Conference,811 Woodside St. ,C.c. Bell Electronics
Gilberto,Davidson,Gilberto.Davidson@pipedrive.com,(847) 343-9314,Tameka Rutledge  ,EU clients,"Uniontown, PA 15401",Sensa Dyne Instrument Division
Fernando,Franco,Fernando.Franco@pipedrive.com,(723) 302-3473,Katelyn Cobler  ,EU clients,717 Cooper Street ,Nebraska Watersports
Antonio,Barber,Antonio.Barber@pipedrive.com,(311) 867-2072,Mayme Beehler  ,Really valuable contacts,"Hazleton, PA 18201",Infinity Management
Hadassah,Chase,Hadassah.Chase@pipedrive.com,(937) 231-0184,,EU clients,870 Riverview Street ,Secca Computer Services
Ethan,Rubio,Ethan.Rubio@pipedrive.com,(169) 873-9453,Valentina Canas  ,Leads from Conference,"Augusta, GA 30906",Nextel Communications
Santino,French,Santino.French@pipedrive.com,(222) 610-3077,Margarita Blackstone  ,Mike’s contacts,435 Oakland Ave. ,Coilcraft Inc
Liliana,Miranda,Liliana.Miranda@pipedrive.com,(718) 733-3863,Louvenia Haney  ,EU clients,"Sidney, OH 45365",Jake Jaramillo
Julianne,Wright,Julianne.Wright@pipedrive.com,(116) 191-4602,Wade Benny  ,Really valuable contacts,2 Harrison St. ,Handmade By Modern Methods Inc
Messiah,Ayala,Messiah.Ayala@pipedrive.com,(536) 134-7293,Robbie Corr  ,EU clients,"Alabaster, AL 35007",Matthew Lonam
Caden,Wu,Caden.Wu@pipedrive.com,(513) 627-7874,Jacquline Tourville  ,EU clients,930 Pennington Court ,Task USA Inc
Killian,Charles,Killian.Charles00000000089@pipedrive.com,(309) 114-9409,Melissa Vanderwal  ,Leads from Conference,"Albany, NY 12203",Elite Enterprises
Kasey,Frost,Kasey.Frost@pipedrive.com,(943) 353-7143,Pauline Rank  ,Really valuable contacts,7752 South Canal Street ,Advanced Waterjet Cutting
Izayah,Blevins,Izayah.Blevins@pipedrive.com,(950) 800-3541,Mellissa Lockard  ,EU clients,"Greer, SC 29650",Stephen Tortorici
Hana,Harrison,Hana.Harrison@pipedrive.com,(297) 212-1706,Rico Daubert  ,EU clients,81 Littleton St. ,George Markham & Sons Signs
Keith,Soto,Keith.Soto@pipedrive.com,(340) 532-2318,Jovan Loredo  ,Mike’s contacts,"Gurnee, IL 60031",Smith Inc Kenneth
Shayna,Gillespie,Shayna.Gillespie@pipedrive.com,(557) 747-3949,Soraya Malbon  ,Belongs to a group of those people who really like to talk a lot,77 3rd Ave. ,East Side Tool And Die Co
Aimee,Bernard,Aimee.Bernard@pipedrive.com,(799) 653-0436,Agnes Derossett  ,EU clients,"Saint Paul, MN 55104",Cash Wagon Inc
Madilyn,Bautista,Madilyn.Bautista@pipedrive.com,(877) 499-4839,Tanya Toenjes  ,Mike’s contacts,8475 Temple St. ,American Printing Equip & Supl
Caitlin,Horn,Caitlin.Horn@pipedrive.com,(329) 280-5094,Bobbie Greeson  ,EU clients,"Natchez, MS 39120",Weiler Corp
Travis,Rangel,Travis.Rangel@pipedrive.com,(309) 585-9522,Karlene Vanish  ,Leads from Conference,538 SW. Ohio St. ,Loughberry Manufacturing Corp
Aisha,Peters,Aisha.Peters@pipedrive.com,(480) 479-1091,Marisela Moskowitz  ,EU clients,"Nazareth, PA 18064",The Jug Man
Trevor,Dillon,Trevor.Dillon@pipedrive.com,(283) 611-0673,,Mike’s contacts,434 Gregory Ave. ,Die-Tech Industries
Jaquan,Foster,Jaquan.Foster@pipedrive.com,(791) 367-6193,Chanel Petroff  ,Really valuable contacts,"Ada, OK 74820",ÖöTöö
Efrain,Galvan,Efrain.Galvan@pipedrive.com,(682) 798-7216,Armando Carleton  ,Leads from Conference,900 Tanglewood St. ,Xamin Systems
Angelica,Olsen,Angelica.Olsen@pipedrive.com,(107) 552-7434,Tori Meneely  ,Really valuable contacts,"Zion, IL 60099",Telecom Support Specialist
Teagan,Lamb,Teagan.Lamb@pipedrive.com,(331) 589-7963,,Mike’s contacts,6 Hanover Drive ,Future Finishes Inc
Dean,Garrett,Dean.Garrett@pipedrive.com,(169) 443-5138,,Really valuable contacts,"Royal Oak, MI 48067",Micah Craig
Dulce,Mays,Dulce.Mays@pipedrive.com,(339) 456-2722,Adell Pitchford  ,Mike’s contacts,9578 E. Maiden Road ,Rockford Linear Actuation